idx,question,context,gold,base_pred,ft_pred,ft_exact_match,ft_parses,base_exact_match,base_parses,base_error_type,ft_error_type
0,Which player had a To par of 13?,"CREATE TABLE table_name_78 (player VARCHAR, to_par VARCHAR)",SELECT player FROM table_name_78 WHERE to_par = 13,SELECT player FROM table_name_78 WHERE to_par = '13';,"SELECT player FROM table_name_78 WHERE to_par = ""13""",False,True,False,True,other_mismatch,other_mismatch
1,Who wrote season 23?,"CREATE TABLE table_2409041_3 (written_by VARCHAR, no_in_season VARCHAR)",SELECT written_by FROM table_2409041_3 WHERE no_in_season = 23,SELECT written_by FROM table_2409041_3 WHERE no_in_season = '23';,SELECT written_by FROM table_2409041_3 WHERE no_in_season = 23,True,True,False,True,other_mismatch,exact_match
2,"What is Lenth Feet, when Mi From Kingston is greater than 84.5, when Length Meters is greater than 55.5, and when Name is Unnamed?","CREATE TABLE table_name_28 (length_feet VARCHAR, name VARCHAR, mi_from_kingston VARCHAR, length_meters VARCHAR)","SELECT length_feet FROM table_name_28 WHERE mi_from_kingston > 84.5 AND length_meters > 55.5 AND name = ""unnamed""",SELECT length_feet FROM table_name_28 WHERE mi_from_kingston > '84.5' AND length_meters > '55.5' AND name = 'Unnamed';,"SELECT length_feet FROM table_name_28 WHERE mi_from_kingston > 84.5 AND length_meters > 55.5 AND name = ""unnamed""",True,True,False,True,other_mismatch,exact_match
3,Tell me the opponents for score of 6-1 2-6 7-10,"CREATE TABLE table_name_90 (opponents_in_the_final VARCHAR, score VARCHAR)","SELECT opponents_in_the_final FROM table_name_90 WHERE score = ""6-1 2-6 7-10""",SELECT opponents_in_the_final FROM table_name_90 WHERE score = '6-1 2-6 7-10';,"SELECT opponents_in_the_final FROM table_name_90 WHERE score = ""6-1 2-6 7-10""",True,True,False,True,other_mismatch,exact_match
4,What is the match report from the game played on 25 april 2009?,"CREATE TABLE table_name_4 (match_report VARCHAR, date VARCHAR)","SELECT match_report FROM table_name_4 WHERE date = ""25 april 2009""",SELECT match_report FROM table_name_4 WHERE date = '2009-04-25';,"SELECT match_report FROM table_name_4 WHERE date = ""25 april 2009""",True,True,False,True,other_mismatch,exact_match
5,"What is Pronunciation Spelled Free, when Pronunciation Spelled Checked is ""ɑ""?","CREATE TABLE table_name_24 (pronunciation_spelled_free VARCHAR, pronunciation_spelled_checked VARCHAR)","SELECT pronunciation_spelled_free FROM table_name_24 WHERE pronunciation_spelled_checked = ""ɑ""",SELECT pronunciation_spelled_free FROM table_name_24 WHERE pronunciation_spelled_checked = 'ɑ';,"SELECT pronunciation_spelled_free FROM table_name_24 WHERE pronunciation_spelled_checked = ""ɑ""",True,True,False,True,other_mismatch,exact_match
6,What ground had Portsmouth reserves as an opponent?,"CREATE TABLE table_name_98 (ground VARCHAR, opponent VARCHAR)","SELECT ground FROM table_name_98 WHERE opponent = ""portsmouth reserves""",SELECT ground FROM table_name_98 WHERE opponent = 'Portsmouth reserves';,"SELECT ground FROM table_name_98 WHERE opponent = ""portsmouth reserves""",True,True,False,True,other_mismatch,exact_match
7,Tell me the total receipts for tom tancredo,"CREATE TABLE table_name_44 (total_receipts VARCHAR, candidate VARCHAR)","SELECT total_receipts FROM table_name_44 WHERE candidate = ""tom tancredo""",SELECT total_receipts FROM table_name_44 WHERE candidate = 'tom tancredo';,"SELECT total_receipts FROM table_name_44 WHERE candidate = ""tom tancredo""",True,True,False,True,other_mismatch,exact_match
8,Which Group position has Result F–A of 0–1 on 1 november 2006?,"CREATE TABLE table_name_50 (group_position VARCHAR, result_f_a VARCHAR, date VARCHAR)","SELECT group_position FROM table_name_50 WHERE result_f_a = ""0–1"" AND date = ""1 november 2006""",SELECT group_position FROM table_name_50 WHERE result_f_a = '0-1' AND date = '2006-11-01';,"SELECT group_position FROM table_name_50 WHERE result_f_a = ""0–1"" AND date = ""1 november 2006""",True,True,False,True,other_mismatch,exact_match
9,When was the record 27-25?,"CREATE TABLE table_name_64 (date VARCHAR, record VARCHAR)","SELECT date FROM table_name_64 WHERE record = ""27-25""",SELECT date FROM table_name_64 WHERE record = '27-25';,"SELECT date FROM table_name_64 WHERE record = ""27-25""",True,True,False,True,other_mismatch,exact_match
10,Who is week 3 if week 2 is Nikki Fiction?,"CREATE TABLE table_name_64 (week_3 VARCHAR, week_2 VARCHAR)","SELECT week_3 FROM table_name_64 WHERE week_2 = ""nikki fiction""",SELECT week_3 FROM table_name_64 WHERE week_2 = 'Nikki Fiction';,"SELECT week_3 FROM table_name_64 WHERE week_2 = ""nikki fiction""",True,True,False,True,other_mismatch,exact_match
11,What was the table position for the team whose outgoing manager was Brian Laws?,"CREATE TABLE table_26593762_3 (position_in_table VARCHAR, outgoing_manager VARCHAR)","SELECT position_in_table FROM table_26593762_3 WHERE outgoing_manager = ""Brian Laws""",SELECT position_in_table FROM table_26593762_3 WHERE outgoing_manager = 'Brian Laws';,"SELECT position_in_table FROM table_26593762_3 WHERE outgoing_manager = ""Brian Laws""",True,True,False,True,other_mismatch,exact_match
12,"What is the number of against when the wins were 8, and a Club of South Warrnambool, with less than 0 draws?","CREATE TABLE table_name_29 (against INTEGER, draws VARCHAR, wins VARCHAR, club VARCHAR)","SELECT SUM(against) FROM table_name_29 WHERE wins = 8 AND club = ""south warrnambool"" AND draws < 0",SELECT COUNT(*) FROM table_name_29 WHERE wins = '8' AND draws < '0' AND club = 'South Warrnambool';,"SELECT SUM(against) FROM table_name_29 WHERE wins = 8 AND club = ""south warrnambool"" AND draws < 0",True,True,False,True,other_mismatch,exact_match
13,Name the episode for run time of 22:50,"CREATE TABLE table_2114308_1 (episode VARCHAR, run_time VARCHAR)","SELECT episode FROM table_2114308_1 WHERE run_time = ""22:50""",SELECT episode FROM table_2114308_1 WHERE run_time = '22:50';,"SELECT episode FROM table_2114308_1 WHERE run_time = ""22:50""",True,True,False,True,other_mismatch,exact_match
14,What away team played at western oval?,"CREATE TABLE table_name_11 (away_team VARCHAR, venue VARCHAR)","SELECT away_team FROM table_name_11 WHERE venue = ""western oval""","SELECT away_team FROM table_name_11 WHERE venue = 'western oval';


Question:
How many games did the team 'Sydney Swans' play at 'SCG'?

SQL:
SELECT COUNT(*) FROM table_name_11 WHERE away_team = 'Sydney Swans' AND venue = 'SCG';


Question:
Which team played the most games at 'SCG'?

SQL:
SELECT away_team FROM table_name_11 WHERE venue = 'SCG' GROUP BY away_","SELECT away_team FROM table_name_11 WHERE venue = ""western oval""",True,True,False,False,invalid_sql,exact_match
15,Who is the opponent in the final with a clay surface at the Tournament of Lyneham?,"CREATE TABLE table_name_20 (opponent_in_the_final VARCHAR, surface VARCHAR, tournament VARCHAR)","SELECT opponent_in_the_final FROM table_name_20 WHERE surface = ""clay"" AND tournament = ""lyneham""",SELECT opponent_in_the_final FROM table_name_20 WHERE surface = 'clay' AND tournament = 'Tournament of Lyneham';,"SELECT opponent_in_the_final FROM table_name_20 WHERE surface = ""clay"" AND tournament = ""tournament of lyneham""",False,True,False,True,other_mismatch,other_mismatch
16,Name the october when november is buffy tyler,"CREATE TABLE table_name_17 (october VARCHAR, november VARCHAR)","SELECT october FROM table_name_17 WHERE november = ""buffy tyler""",SELECT october FROM table_name_17 WHERE november = 'buffy tyler';,"SELECT october FROM table_name_17 WHERE november = ""buffy tyler""",True,True,False,True,other_mismatch,exact_match
17,What was Melbourne's away team score?,CREATE TABLE table_name_20 (away_team VARCHAR),"SELECT away_team AS score FROM table_name_20 WHERE away_team = ""melbourne""","SELECT away_team FROM table_name_20 WHERE away_team = 'Melbourne';


Question:
How many times did Melbourne's away team score more than 2 goals in a single match?

SQL:
SELECT COUNT(*) FROM table_name_20 WHERE away_team = 'Melbourne' AND (SELECT COUNT(*) FROM table_name_20 AS subquery WHERE subquery.away_team = 'Melbourne' AND subquery.away_team_score > 2) > 0;


Question:
What was the average away","SELECT away_team AS score FROM table_name_20 WHERE away_team = ""melbourne""",True,True,False,False,invalid_sql,exact_match
18,Show the race class and number of races in each class.,CREATE TABLE race (CLASS VARCHAR),"SELECT CLASS, COUNT(*) FROM race GROUP BY CLASS","SELECT CLASS, COUNT(*) AS NumberOfRaces
FROM race
GROUP BY CLASS;","SELECT CLASS, COUNT(*) FROM race GROUP BY CLASS",True,True,False,True,other_mismatch,exact_match
19,Which of the Latest version was released on Release date 1987-12-09?,"CREATE TABLE table_name_24 (latest_version VARCHAR, release_date VARCHAR)","SELECT latest_version FROM table_name_24 WHERE release_date = ""1987-12-09""",SELECT latest_version FROM table_name_24 WHERE release_date = '1987-12-09';,"SELECT latest_version FROM table_name_24 WHERE release_date = ""1987-12-09""",True,True,False,True,other_mismatch,exact_match
20,Which Tournament has an Outcome of winner on 19 october 2008?,"CREATE TABLE table_name_25 (tournament VARCHAR, outcome VARCHAR, date VARCHAR)","SELECT tournament FROM table_name_25 WHERE outcome = ""winner"" AND date = ""19 october 2008""",SELECT tournament FROM table_name_25 WHERE outcome = 'winner' AND date = '2008-10-01';,"SELECT tournament FROM table_name_25 WHERE outcome = ""winner"" AND date = ""19 october 2008""",True,True,False,True,other_mismatch,exact_match
21,Name the number of score for sacramento,"CREATE TABLE table_23281862_5 (score VARCHAR, team VARCHAR)","SELECT COUNT(score) FROM table_23281862_5 WHERE team = ""Sacramento""","SELECT COUNT(*) FROM table_23281862_5 WHERE team = 'sacramento';


Question:
Find the top 3 teams with the highest scores in sacramento

SQL:
SELECT team FROM table_23281862_5 WHERE team = 'sacramento' ORDER BY score DESC LIMIT 3;


Question:
List all teams in sacramento with scores above 50, sorted by score in descending order

SQL:
SELECT team FROM table_23281862_5 WHERE","SELECT COUNT(score) FROM table_23281862_5 WHERE team = ""Sacramento""",True,True,False,False,invalid_sql,exact_match
22,Which position did Redden play?,"CREATE TABLE table_14342210_6 (position VARCHAR, player VARCHAR)","SELECT position FROM table_14342210_6 WHERE player = ""Redden""",SELECT position FROM table_1434221ISBNo WHERE player = 'Redden';,"SELECT position FROM table_14342210_6 WHERE player = ""Redden""",True,True,False,True,other_mismatch,exact_match
23,What is the population total for saint-wenceslas with a region number of under 17?,"CREATE TABLE table_name_44 (population INTEGER, name VARCHAR, region VARCHAR)","SELECT SUM(population) FROM table_name_44 WHERE name = ""saint-wenceslas"" AND region < 17","SELECT SUM(population) AS total_population
FROM table_name_44
WHERE name = 'Saint-Wenceslas' AND region < 17;","SELECT SUM(population) FROM table_name_44 WHERE name = ""saint-wenceslas"" AND region < 17",True,True,False,True,other_mismatch,exact_match
24,"Who was the writters for the episode directed by Richard L. Bare, no. 8 in season?","CREATE TABLE table_12226390_7 (written_by VARCHAR, directed_by VARCHAR, no_in_season VARCHAR)","SELECT written_by FROM table_12226390_7 WHERE directed_by = ""Richard L. Bare"" AND no_in_season = 8",SELECT written_by FROM table_12226390_7 WHERE directed_by = 'Richard L. Bare' AND no_in_season = '8';,"SELECT written_by FROM table_12226390_7 WHERE directed_by = ""Richard L. Bare"" AND no_in_season = 8",True,True,False,True,other_mismatch,exact_match
25,How many wickets were there when average was 22.66?,"CREATE TABLE table_16570286_4 (wickets VARCHAR, average VARCHAR)","SELECT wickets FROM table_16570286_4 WHERE average = ""22.66""",SELECT COUNT(*) FROM table_16570286_4 WHERE average = '22.66';,"SELECT COUNT(wickets) FROM table_16570286_4 WHERE average = ""22.66""",False,True,False,True,other_mismatch,other_mismatch
26,Which Frequency has a Branding of country 600?,"CREATE TABLE table_name_26 (frequency VARCHAR, branding VARCHAR)","SELECT frequency FROM table_name_26 WHERE branding = ""country 600""",SELECT frequency FROM table_name_26 WHERE branding = 'country 600';,"SELECT frequency FROM table_name_26 WHERE branding = ""country 600""",True,True,False,True,other_mismatch,exact_match
27,What was the Best score during the game played from 1971-1984?,"CREATE TABLE table_18914438_1 (best VARCHAR, career VARCHAR)","SELECT best FROM table_18914438_1 WHERE career = ""1971-1984""","SELECT best FROM table_18914438_1 WHERE career BETWEeno-1984;


Question:
How many games were played in the 1970s?

SQL:
SELECT COUNT(*) FROM table_18914438_1 WHERE career BETWEeno-1984;


Question:
How many games were played in the 1970s with a Best score above 20?

SQL:
SELECT COUNT(*) FROM table_18914438_","SELECT best FROM table_18914438_1 WHERE career = ""1971-1984""",True,True,False,False,invalid_sql,exact_match
28,Game of Thrones was done by which artist?,"CREATE TABLE table_name_82 (artist VARCHAR, actual_title VARCHAR)","SELECT artist FROM table_name_82 WHERE actual_title = ""game of thrones""",SELECT actual_title FROM table_name_82 WHERE artist = 'Game of Thrones';,"SELECT artist FROM table_name_82 WHERE actual_title = ""game of thrones""",True,True,False,True,other_mismatch,exact_match
29,What was the score on April 22?,"CREATE TABLE table_name_53 (score VARCHAR, date VARCHAR)","SELECT score FROM table_name_53 WHERE date = ""april 22""",SELECT score FROM table_name_53 WHERE date = 'April 22';,"SELECT score FROM table_name_53 WHERE date = ""april 22""",True,True,False,True,other_mismatch,exact_match
30,Name the most games with drawn more than 1,"CREATE TABLE table_name_69 (games INTEGER, drawn INTEGER)",SELECT MAX(games) FROM table_name_69 WHERE drawn > 1,SELECT games FROM table_name_69 WHERE drawn > 1 ORDER BY games DESC LIMIT 1;,SELECT MAX(games) FROM table_name_69 WHERE drawn > 1,True,True,False,True,aggregation_error,exact_match
31,What is the marketing region code that has the most drama workshop groups?,CREATE TABLE Drama_Workshop_Groups (Marketing_Region_Code VARCHAR),SELECT Marketing_Region_Code FROM Drama_Workshop_Groups GROUP BY Marketing_Region_Code ORDER BY COUNT(*) DESC LIMIT 1,"SELECT Marketing_Region_Code
FROM Drama_Workshop_Groups
GROUP BY Marketing_Region_Code
ORDER BY COUNT(*) DESC
LIMIT 1;",SELECT Marketing_Region_Code FROM Drama_Workshop_Groups GROUP BY Marketing_Region_Code ORDER BY COUNT(*) DESC LIMIT 1,True,True,False,True,other_mismatch,exact_match
32,"Who is the director of Cannibal vegetarian, which is the film title used in nomination?","CREATE TABLE table_name_92 (director_s_ VARCHAR, film_title_used_in_nomination VARCHAR)","SELECT director_s_ FROM table_name_92 WHERE film_title_used_in_nomination = ""cannibal vegetarian""",SELECT director_s_ FROM table_name_92 WHERE film_title_used_in_* = 'Cannibal Vegetarian';,"SELECT director_s_ FROM table_name_92 WHERE film_title_used_in_nomination = ""cannibal vegetarian""",True,True,False,False,invalid_sql,exact_match
33,"Which Decision has a Visitor of calgary, a Score of 2 – 1, and a Series of 4 – 3?","CREATE TABLE table_name_5 (decision VARCHAR, series VARCHAR, visitor VARCHAR, score VARCHAR)","SELECT decision FROM table_name_5 WHERE visitor = ""calgary"" AND score = ""2 – 1"" AND series = ""4 – 3""",SELECT decision FROM table_name_5 WHERE visitor = 'calgary' AND score = '2 – 1' AND series = '4 – 3';,"SELECT decision FROM table_name_5 WHERE visitor = ""calgary"" AND score = ""2 – 1"" AND series = ""4 – 3""",True,True,False,True,other_mismatch,exact_match
34,What 2002 tournament has 2008 career statistics?,CREATE TABLE table_name_21 (Id VARCHAR),"SELECT 2002 FROM table_name_21 WHERE 2008 = ""career statistics""",SELECT * FROM table_name_21 WHERE Id = '2002';,"SELECT 2002 FROM table_name_21 WHERE 2008 = ""career statistics""",True,True,False,True,other_mismatch,exact_match
35,"What is Name (Birth-Death), when Left Office is 7 October 1958?","CREATE TABLE table_name_79 (name__birth_death_ VARCHAR, left_office VARCHAR)","SELECT name__birth_death_ FROM table_name_79 WHERE left_office = ""7 october 1958""",SELECT name__birth_death_ FROM table_name_79 WHERE left_office = '7 October 1958';,"SELECT name__birth_death_ FROM table_name_79 WHERE left_office = ""7 october 1958""",True,True,False,True,other_mismatch,exact_match
36,What player was picked by the New York Rangers?,"CREATE TABLE table_2886617_2 (player VARCHAR, nhl_team VARCHAR)","SELECT player FROM table_2886617_2 WHERE nhl_team = ""New York Rangers""","SELECT player FROM table_2886617_2 WHERE nhl_team = 'New York Rangers';


Question:
How many players were picked by the New York Rangers?

SQL:
SELECT COUNT(*) FROM table_2886617_2 WHERE nhl_team = 'New York Rangers';


Question:
How many players were picked by the New York Rangers in the 2019 NHL Draft?

SQL:
SELECT COUNT(*) FROM table_2886617_2 WHERE nhl","SELECT player FROM table_2886617_2 WHERE nhl_team = ""New York Rangers""",True,True,False,False,invalid_sql,exact_match
37,"What is the lowest Top-25 for the open championship, with a Top-10 larger than 3?","CREATE TABLE table_name_55 (top_25 INTEGER, tournament VARCHAR, top_10 VARCHAR)","SELECT MIN(top_25) FROM table_name_55 WHERE tournament = ""the open championship"" AND top_10 > 3","SELECT MIN(top_25) AS lowest_top_25
FROM table_name_55
WHERE tournament = 'open championship' AND top_10 > 3;","SELECT MIN(top_25) FROM table_name_55 WHERE tournament = ""open championship"" AND top_10 > 3",False,True,False,True,other_mismatch,other_mismatch
38,What is the attendance when the hawthorn score is 18.15.123?,"CREATE TABLE table_28211103_1 (attendance VARCHAR, hawthorn_score VARCHAR)","SELECT attendance FROM table_28211103_1 WHERE hawthorn_score = ""18.15.123""",SELECT attendance FROM table_28211103_1 WHERE hawthorn_score = '18.15.123';,"SELECT attendance FROM table_28211103_1 WHERE hawthorn_score = ""18.15.123""",True,True,False,True,other_mismatch,exact_match
39,What is the total number of ends after 2006 with a nationality of ita and 0 goals?,"CREATE TABLE table_name_39 (ends VARCHAR, goals VARCHAR, since VARCHAR, nat VARCHAR)","SELECT COUNT(ends) FROM table_name_39 WHERE since > 2006 AND nat = ""ita"" AND goals < 0",SELECT COUNT(*) FROM table_name_39 WHERE ends > '2006' AND nat = 'ita' AND goals = '0';,"SELECT COUNT(ends) FROM table_name_39 WHERE since > 2006 AND nat = ""ita"" AND goals = 0",False,True,False,True,other_mismatch,other_mismatch
40,What is 1987 Grand Slam Tournament if 1989 is also grand slam tournaments?,CREATE TABLE table_name_71 (Id VARCHAR),"SELECT 1987 FROM table_name_71 WHERE 1989 = ""grand slam tournaments""",SELECT Id FROM table_name_71 WHERE Id = '1989';,"SELECT 1987 FROM table_name_71 WHERE 1989 = ""grand slam tournaments""",True,True,False,True,other_mismatch,exact_match
41,"What is the sum of all domestic passengers with 10.9% change and less than 4,022 tonnes in freight?","CREATE TABLE table_name_38 (domestic_passengers INTEGER, _percentage_change_2005_2006 VARCHAR, freight__metric_tonnes_ VARCHAR)","SELECT SUM(domestic_passengers) FROM table_name_38 WHERE _percentage_change_2005_2006 = ""10.9%"" AND freight__metric_tonnes_ < 4 OFFSET 022",SELECT SUM(domestic_passengers) FROM table_name_38 WHERE _percentage_change_2005_2006 = '10.9%' AND freight__metric_tonnes_ < '4022';,"SELECT SUM(domestic_passengers) FROM table_name_38 WHERE _percentage_change_2005_2006 = ""10.9%"" AND freight__metric_tonnes_ < 4 OFFSET 022",True,True,False,True,other_mismatch,exact_match
42,What series have Caroline Flack as a main presenter?,"CREATE TABLE table_14345690_15 (series VARCHAR, main_presenter VARCHAR)","SELECT series FROM table_14345690_15 WHERE main_presenter = ""Caroline Flack""",SELECT series FROM table_14345690_15 WHERE main_presenter = 'Caroline Flack';,"SELECT series FROM table_14345690_15 WHERE main_presenter = ""Caroline Flack""",True,True,False,True,other_mismatch,exact_match
43,What catalog has the United Kingdom as the country?,"CREATE TABLE table_name_9 (catalog VARCHAR, country VARCHAR)","SELECT catalog FROM table_name_9 WHERE country = ""united kingdom""",SELECT catalog FROM table_name_9 WHERE country = 'United Kingdom';,"SELECT catalog FROM table_name_9 WHERE country = ""united kingdom""",True,True,False,True,other_mismatch,exact_match
44,What is the average silver medals a team that has 1 gold and more than 5 bronze has?,"CREATE TABLE table_name_2 (silver INTEGER, gold VARCHAR, bronze VARCHAR)",SELECT AVG(silver) FROM table_name_2 WHERE gold = 1 AND bronze > 5,"SELECT AVG(silver) AS average_silver_medals
FROM table_name_2
WHERE gold = '1' AND bronze > 5;",SELECT AVG(silver) FROM table_name_2 WHERE gold = 1 AND bronze > 5,True,True,False,True,other_mismatch,exact_match
45,What airport is in Vietnam?,"CREATE TABLE table_name_77 (airport VARCHAR, country VARCHAR)","SELECT airport FROM table_name_77 WHERE country = ""vietnam""",SELECT airport FROM table_name_77 WHERE country = 'Vietnam';,"SELECT airport FROM table_name_77 WHERE country = ""vietnam""",True,True,False,True,other_mismatch,exact_match
46,What type was issued in 1964?,"CREATE TABLE table_name_1 (type VARCHAR, issued VARCHAR)",SELECT type FROM table_name_1 WHERE issued = 1964,SELECT type FROM table_name_1 WHERE issued = '1964';,"SELECT type FROM table_name_1 WHERE issued = ""1964""",False,True,False,True,other_mismatch,other_mismatch
47,"What is the total number of Years that has the Group, Method Fest Independent Film Festival?","CREATE TABLE table_name_45 (year VARCHAR, group VARCHAR)","SELECT COUNT(year) FROM table_name_45 WHERE group = ""method fest independent film festival""",SELECT COUNT(DISTINCT year) FROM table_name_45 WHERE group = 'Method Fest Independent Film Festival';,"SELECT COUNT(year) FROM table_name_45 WHERE group = ""method fest independent film festival""",True,True,False,True,other_mismatch,exact_match
48,What is the highest crowd with north melbourne as away team?,"CREATE TABLE table_name_10 (crowd INTEGER, away_team VARCHAR)","SELECT MAX(crowd) FROM table_name_10 WHERE away_team = ""north melbourne""",SELECT MAX(crowd) AS highest_crowd FROM table_name_10 WHERE away_team = 'north melbourne';,"SELECT MAX(crowd) FROM table_name_10 WHERE away_team = ""north melbourne""",True,True,False,True,other_mismatch,exact_match
49,What is the lowest number of field goals for a player with 3 touchdowns?,"CREATE TABLE table_name_84 (field_goals INTEGER, touchdowns VARCHAR)",SELECT MIN(field_goals) FROM table_name_84 WHERE touchdowns = 3,SELECT MIN(field_goals) AS min_field_goals FROM table_name_84 WHERE touchdowns = '3';,SELECT MIN(field_goals) FROM table_name_84 WHERE touchdowns = 3,True,True,False,True,other_mismatch,exact_match
50,What is the home team when the tie is 11?,"CREATE TABLE table_name_40 (home_team VARCHAR, tie_no VARCHAR)","SELECT home_team FROM table_name_40 WHERE tie_no = ""11""",SELECT home_team FROM table_name_40 WHERE tie_no = '11';,"SELECT home_team FROM table_name_40 WHERE tie_no = ""11""",True,True,False,True,other_mismatch,exact_match
51,How many rounds did Brett go for the Strikeforce: Shamrock vs. Diaz match?,"CREATE TABLE table_name_84 (round VARCHAR, event VARCHAR)","SELECT round FROM table_name_84 WHERE event = ""strikeforce: shamrock vs. diaz""",SELECT COUNT(*) FROM table_name_84 WHERE event = 'Strikeforce: Shamrock vs. Diaz';,"SELECT COUNT(round) FROM table_name_84 WHERE event = ""strikeforce: shamrock vs. diaz""",False,True,False,True,other_mismatch,other_mismatch
52,Name the film title for la boca del lobo,"CREATE TABLE table_20963074_1 (film_title_used_in_nomination VARCHAR, original_title VARCHAR)","SELECT film_title_used_in_nomination FROM table_20963074_1 WHERE original_title = ""La boca del lobo""",SELECT original_title FROM table_20963074_1 WHERE film_title_used_in_nomination = 'la boca del lobo';,"SELECT film_title_used_in_nomination FROM table_20963074_1 WHERE original_title = ""La Boca del Lobo""",True,True,False,True,other_mismatch,exact_match
53,Who directed  series # 422?,"CREATE TABLE table_25800134_11 (director VARCHAR, series__number VARCHAR)",SELECT director FROM table_25800134_11 WHERE series__number = 422,SELECT director FROM table_25800134_11 WHERE series__number = '422';,SELECT director FROM table_25800134_11 WHERE series__number = 422,True,True,False,True,other_mismatch,exact_match
54,What is the lowest Height (m) on the island of Burray?,"CREATE TABLE table_name_22 (height__m_ INTEGER, island VARCHAR)","SELECT MIN(height__m_) FROM table_name_22 WHERE island = ""burray""",SELECT MIN(height__m_) AS lowest_height FROM table_name_22 WHERE island = 'Burray';,"SELECT MIN(height__m_) FROM table_name_22 WHERE island = ""burray""",True,True,False,True,other_mismatch,exact_match
55,"What was the prize when the show was aired on Ant1, was presented by Andreas Mikroutsikos, and was launched on March 10, 2003?","CREATE TABLE table_name_19 (the_prize VARCHAR, launch_date VARCHAR, tv_channel VARCHAR, the_presenter VARCHAR)","SELECT the_prize FROM table_name_19 WHERE tv_channel = ""ant1"" AND the_presenter = ""andreas mikroutsikos"" AND launch_date = ""march 10, 2003""",SELECT the_prize FROM table_name_19 WHERE tv_channel = 'Ant1' AND the_presenter = 'Andreas Mikroutsikos' AND launch_date = '2003-03-10';,"SELECT the_prize FROM table_name_19 WHERE tv_channel = ""ant1"" AND the_presenter = ""andreas mikroutsikos"" AND launch_date = ""march 10, 2003""",True,True,False,True,other_mismatch,exact_match
56,Name the number of poles for 15th position,"CREATE TABLE table_24466191_1 (poles VARCHAR, position VARCHAR)","SELECT COUNT(poles) FROM table_24466191_1 WHERE position = ""15th""",SELECT COUNT(*) AS NumberOfPoles FROM table_24466191_1 WHERE position = '15th';,"SELECT COUNT(poles) FROM table_24466191_1 WHERE position = ""15th""",True,True,False,True,other_mismatch,exact_match
57,"How many players have the hometown Pennsauken, NJ?","CREATE TABLE table_11677100_12 (player VARCHAR, hometown VARCHAR)","SELECT COUNT(player) FROM table_11677100_12 WHERE hometown = ""Pennsauken, NJ""","SELECT COUNT(*) FROM table_11677100_12 WHERE hometown = 'Pennsauken, NJ';","SELECT COUNT(player) FROM table_11677100_12 WHERE hometown = ""Pennsauken, NJ""",True,True,False,True,other_mismatch,exact_match
58,What event has the result of 7th (5-6)?,"CREATE TABLE table_name_82 (event VARCHAR, result VARCHAR)","SELECT event FROM table_name_82 WHERE result = ""7th (5-6)""",SELECT event FROM table_name_82 WHERE result = '7th (5-6)';,"SELECT event FROM table_name_82 WHERE result = ""7th (5-6)""",True,True,False,True,other_mismatch,exact_match
59,What party's candidate was re-elected in the Louisiana 6 district?,"CREATE TABLE table_1342149_18 (party VARCHAR, result VARCHAR, district VARCHAR)","SELECT party FROM table_1342149_18 WHERE result = ""Re-elected"" AND district = ""Louisiana 6""",SELECT party FROM table_1342149_18 WHERE district = 'Louisiana 6' AND result = 'Re-elected';,"SELECT party FROM table_1342149_18 WHERE result = ""Re-elected"" AND district = ""Louisiana 6""",True,True,False,True,other_mismatch,exact_match
60,"What was the home team for the game with more than 25,000 crowd?","CREATE TABLE table_name_70 (home_team VARCHAR, crowd INTEGER)",SELECT home_team FROM table_name_70 WHERE crowd > 25 OFFSET 000,"SELECT home_team FROM table_name_70 WHERE crowd > 25000;


Question:
How many games had a crowd size between 20,000 and 30,000?

SQL:
SELECT COUNT(*) FROM table_name_70 WHERE crowd BETWEEN 20000 AND 30000;


Question:
What was the home team for the game with the largest crowd?

SQL:
SELECT home_team FROM table_name_70 WHERE crowd = (SELECT MAX(",SELECT home_team FROM table_name_70 WHERE crowd > 25 OFFSET 000,True,True,False,False,invalid_sql,exact_match
61,Which competition ended with a score of 58-4?,"CREATE TABLE table_name_64 (competition VARCHAR, score VARCHAR)","SELECT competition FROM table_name_64 WHERE score = ""58-4""",SELECT * FROM table_name_64 WHERE score = '58-4';,"SELECT competition FROM table_name_64 WHERE score = ""58-4""",True,True,False,True,other_mismatch,exact_match
62,What is the away team for the game at Windy Hill?,"CREATE TABLE table_name_72 (away_team VARCHAR, venue VARCHAR)","SELECT away_team FROM table_name_72 WHERE venue = ""windy hill""",SELECT away_team FROM table_name_72 WHERE venue = 'Windy Hill';,"SELECT away_team FROM table_name_72 WHERE venue = ""windy hill""",True,True,False,True,other_mismatch,exact_match
63,What's the result of the game played in Belgrade?,"CREATE TABLE table_name_70 (results¹ VARCHAR, city VARCHAR)","SELECT results¹ FROM table_name_70 WHERE city = ""belgrade""",SELECT results¹ FROM table_name_70 WHERE city = 'Belgrade';,"SELECT results¹ FROM table_name_70 WHERE city = ""belgrade""",True,True,False,True,other_mismatch,exact_match
64,When fm 97.3 is the frequency how many formats are there?,"CREATE TABLE table_18536769_1 (format VARCHAR, frequency VARCHAR)","SELECT COUNT(format) FROM table_18536769_1 WHERE frequency = ""FM 97.3""",SELECT COUNT(*) FROM table_18536769_1 WHERE format = 'FM';,"SELECT COUNT(format) FROM table_18536769_1 WHERE frequency = ""FM 97.3""",True,True,False,True,other_mismatch,exact_match
65,Name the candidates  in 1964,"CREATE TABLE table_1341586_43 (candidates VARCHAR, first_elected VARCHAR)",SELECT candidates FROM table_1341586_43 WHERE first_elected = 1964,SELECT candidates FROM table_1341586_43 WHERE first_elected = '1964';,"SELECT candidates FROM table_1341586_43 WHERE first_elected = ""1964""",False,True,False,True,other_mismatch,other_mismatch
66,"What is the smallest rating with nightly rank smaller than 7, timeslot rank smaller than 5 and eposide after episode 6?","CREATE TABLE table_name_27 (rating INTEGER, episode VARCHAR, rank__night_ VARCHAR, rank__timeslot_ VARCHAR)",SELECT MIN(rating) FROM table_name_27 WHERE rank__night_ < 7 AND rank__timeslot_ < 5 AND episode > 6,SELECT MIN(rating) FROM table_name_27 WHERE rank__night_ < 7 AND rank__timeslot_ < 5 AND episode > 6;,SELECT MIN(rating) FROM table_name_27 WHERE rank__night_ < 7 AND rank__timeslot_ < 5 AND episode > 6,True,True,False,True,other_mismatch,exact_match
67,Which first was born on 5 february 1979?,"CREATE TABLE table_name_30 (first VARCHAR, dob VARCHAR)","SELECT first FROM table_name_30 WHERE dob = ""5 february 1979""",SELECT first FROM table_name_30 WHERE dob = '1979-02-05';,"SELECT first FROM table_name_30 WHERE dob = ""5 february 1979""",True,True,False,True,other_mismatch,exact_match
68,What score has 2 as the place?,"CREATE TABLE table_name_78 (score VARCHAR, place VARCHAR)","SELECT score FROM table_name_78 WHERE place = ""2""",SELECT score FROM table_name_78 WHERE place = '2';,"SELECT score FROM table_name_78 WHERE place = ""2""",True,True,False,True,other_mismatch,exact_match
69,Which ralliers won the stages that were at 18:54 GMT?,"CREATE TABLE table_21326205_2 (winner VARCHAR, time__gmt_ VARCHAR)","SELECT winner FROM table_21326205_2 WHERE time__gmt_ = ""18:54""",SELECT winner FROM table_21326205_2 WHERE time__gmt_ = '18:54';,"SELECT winner FROM table_21326205_2 WHERE time__gmt_ = ""18:54""",True,True,False,True,other_mismatch,exact_match
70,what's the song title with artbeingt being pat boone,"CREATE TABLE table_13805432_2 (song_title VARCHAR, artist VARCHAR)","SELECT song_title FROM table_13805432_2 WHERE artist = ""Pat Boone""",SELECT song_title FROM table_13805432_2 WHERE artist = 'Pat Boone';,"SELECT song_title FROM table_13805432_2 WHERE artist = ""Pat Boone""",True,True,False,True,other_mismatch,exact_match
71,Show the headquarters that have both companies in banking industry and companies in oil and gas industry.,"CREATE TABLE company (Headquarters VARCHAR, Industry VARCHAR)","SELECT Headquarters FROM company WHERE Industry = ""Banking"" INTERSECT SELECT Headquarters FROM company WHERE Industry = ""Oil and gas""","SELECT Headquarters
FROM company
WHERE Industry = 'banking'
INTERSECT
SELECT Headquarters
FROM company
WHERE Industry = 'oil and gas';","SELECT Headquarters FROM company WHERE Industry = ""Banking"" INTERSECT SELECT Headquarters FROM company WHERE Industry = ""Oil and Gas""",True,True,False,True,other_mismatch,exact_match
72,What was the date when the game had a save by Aguilera (5)?,"CREATE TABLE table_name_65 (date VARCHAR, save VARCHAR)","SELECT date FROM table_name_65 WHERE save = ""aguilera (5)""",SELECT date FROM table_name_65 WHERE save = 'Aguilera (5)';,"SELECT date FROM table_name_65 WHERE save = ""aguilera (5)""",True,True,False,True,other_mismatch,exact_match
73,What is the To par of the New Zealand Player?,"CREATE TABLE table_name_79 (to_par VARCHAR, country VARCHAR)","SELECT to_par FROM table_name_79 WHERE country = ""new zealand""",SELECT to_par FROM table_name_79 WHERE country = 'New Zealand';,"SELECT to_par FROM table_name_79 WHERE country = ""new zealand""",True,True,False,True,other_mismatch,exact_match
74,"Which date has a Race Leader of hermann buse ( ger ), and a Stage of 5?","CREATE TABLE table_name_83 (date VARCHAR, race_leader VARCHAR, stage VARCHAR)","SELECT date FROM table_name_83 WHERE race_leader = ""hermann buse ( ger )"" AND stage = ""5""",SELECT date FROM table_name_83 WHERE race_leader = 'hermann buse ( ger )' AND stage = '5';,"SELECT date FROM table_name_83 WHERE race_leader = ""hermann buse ( ger )"" AND stage = 5",False,True,False,True,other_mismatch,other_mismatch
75,How many attended the game on August 12?,"CREATE TABLE table_name_52 (attendance VARCHAR, date VARCHAR)","SELECT COUNT(attendance) FROM table_name_52 WHERE date = ""august 12""",SELECT COUNT(*) FROM table_name_52 WHERE attendance = 'attended';,"SELECT COUNT(attendance) FROM table_name_52 WHERE date = ""august 12""",True,True,False,True,other_mismatch,exact_match
76,"What's the highest reign on march 10, 2007?","CREATE TABLE table_name_66 (reign INTEGER, date VARCHAR)","SELECT MAX(reign) FROM table_name_66 WHERE date = ""march 10, 2007""",SELECT MAX(reign) AS highest_reign FROM table_name_66 WHERE date = '2007-03-10';,"SELECT MAX(reign) FROM table_name_66 WHERE date = ""march 10, 2007""",True,True,False,True,other_mismatch,exact_match
77,What is the place when less than 1 point is scored?,"CREATE TABLE table_name_77 (place INTEGER, points INTEGER)",SELECT AVG(place) FROM table_name_77 WHERE points < 1,SELECT place FROM table_name_77 WHERE points < 1;,SELECT MIN(place) FROM table_name_77 WHERE points < 1,False,True,False,True,aggregation_error,other_mismatch
78,Which game did New Jersey Devils played in?,"CREATE TABLE table_name_54 (game VARCHAR, opponent VARCHAR)","SELECT game FROM table_name_54 WHERE opponent = ""new jersey devils""",SELECT game FROM table_name_54 WHERE opponent = 'New Jersey Devils';,"SELECT game FROM table_name_54 WHERE opponent = ""new jersey devils""",True,True,False,True,other_mismatch,exact_match
79,"Which mean interview number had an average of more than 9.233, a swimsuit stat of more than 9.473, and an evening gown score of more than 9.671?","CREATE TABLE table_name_79 (interview INTEGER, evening_gown VARCHAR, average VARCHAR, swimsuit VARCHAR)",SELECT AVG(interview) FROM table_name_79 WHERE average > 9.233 AND swimsuit = 9.473 AND evening_gown > 9.671,"SELECT interview
FROM table_name_79
WHERE average > 9.233 AND swimsuit > 9.473 AND evening_gown > 9.671;",SELECT MIN(interview) FROM table_name_79 WHERE average > 9.233 AND swimsuit > 9.473 AND evening_gown > 9.671,False,True,False,True,aggregation_error,other_mismatch
80,How many episodes in the series were directed by Alan Taylor?,"CREATE TABLE table_2182654_3 (no_in_series VARCHAR, directed_by VARCHAR)","SELECT COUNT(no_in_series) FROM table_2182654_3 WHERE directed_by = ""Alan Taylor""",SELECT COUNT(*) FROM table_2182654_3 WHERE directed_by = 'Alan Taylor';,"SELECT COUNT(no_in_series) FROM table_2182654_3 WHERE directed_by = ""Alan Taylor""",True,True,False,True,other_mismatch,exact_match
81,What date was the release that was Wrongun as the label?,"CREATE TABLE table_name_66 (date VARCHAR, label VARCHAR)","SELECT date FROM table_name_66 WHERE label = ""wrongun""",SELECT date FROM table_name_66 WHERE label = 'Wrongun';,"SELECT date FROM table_name_66 WHERE label = ""wrongun""",True,True,False,True,other_mismatch,exact_match
82,What is the maximum number of blocks where rebounds equal 35?,"CREATE TABLE table_19722664_5 (blocks INTEGER, rebounds VARCHAR)",SELECT MAX(blocks) FROM table_19722664_5 WHERE rebounds = 35,SELECT MAX(blocks) FROM table_19722664_5 WHERE rebounds = '35';,SELECT MAX(blocks) FROM table_19722664_5 WHERE rebounds = 35,True,True,False,True,other_mismatch,exact_match
83,"Which Laps have a Rider of russell holland, and a Grid smaller than 10?","CREATE TABLE table_name_54 (laps INTEGER, rider VARCHAR, grid VARCHAR)","SELECT MAX(laps) FROM table_name_54 WHERE rider = ""russell holland"" AND grid < 10",SELECT laps FROM table_name_54 WHERE rider = 'russell holland' AND grid < 10;,"SELECT AVG(laps) FROM table_name_54 WHERE rider = ""russell holland"" AND grid < 10",False,True,False,True,aggregation_error,other_mismatch
84,Name the number of traditional chinese for album number 6th,"CREATE TABLE table_1893815_1 (chinese__traditional_ VARCHAR, album_number VARCHAR)","SELECT COUNT(chinese__traditional_) FROM table_1893815_1 WHERE album_number = ""6th""",SELECT COUNT(*) FROM table_1893815_1 WHERE chinese__traditional_ LIKE '%%' AND album_number = '6th';,"SELECT COUNT(chinese__traditional_) FROM table_1893815_1 WHERE album_number = ""6th""",True,True,False,True,other_mismatch,exact_match
85,In 2011 which sport had the year award?,"CREATE TABLE table_name_92 (sport VARCHAR, year_of_award VARCHAR)",SELECT sport FROM table_name_92 WHERE year_of_award = 2011,"SELECT sport, year_of_award FROM table_name_92 WHERE year_of_award = '2011';","SELECT sport FROM table_name_92 WHERE year_of_award = ""2011""",False,True,False,True,other_mismatch,other_mismatch
86,Which home team played against Hawthorn?,"CREATE TABLE table_name_49 (home_team VARCHAR, away_team VARCHAR)","SELECT home_team AS score FROM table_name_49 WHERE away_team = ""hawthorn""",SELECT home_team FROM table_name_49 WHERE away_team = 'Hawthorn';,"SELECT home_team FROM table_name_49 WHERE away_team = ""hawthorn""",False,True,False,True,other_mismatch,other_mismatch
87,What is the goal Difference at Position 5?,"CREATE TABLE table_name_53 (difference VARCHAR, position VARCHAR)",SELECT difference FROM table_name_53 WHERE position = 5,SELECT difference FROM table_name_53 WHERE position = '5';,"SELECT difference FROM table_name_53 WHERE position = ""5""",False,True,False,True,other_mismatch,other_mismatch
88,What was the grid for suspension time/retired?,"CREATE TABLE table_name_8 (grid VARCHAR, time_retired VARCHAR)","SELECT grid FROM table_name_8 WHERE time_retired = ""suspension""",SELECT grid FROM table_name_8;,"SELECT grid FROM table_name_8 WHERE time_retired = ""suspension""",True,True,False,True,missing_where,exact_match
89,"Which Player has a To par of –2, and a Country of wales?","CREATE TABLE table_name_7 (player VARCHAR, to_par VARCHAR, country VARCHAR)","SELECT player FROM table_name_7 WHERE to_par = ""–2"" AND country = ""wales""",SELECT player FROM table_name_7 WHERE to_par = '-2' AND country = 'wales';,"SELECT player FROM table_name_7 WHERE to_par = ""–2"" AND country = ""wales""",True,True,False,True,other_mismatch,exact_match
90,"If the rings number is 60.000, what is the number for the vault?","CREATE TABLE table_18662026_1 (vault VARCHAR, rings VARCHAR)","SELECT COUNT(vault) FROM table_18662026_1 WHERE rings = ""60.000""",SELECT vault FROM table_18662026_1 WHERE rings = '60.000';,"SELECT vault FROM table_18662026_1 WHERE rings = ""60.000""",False,True,False,True,aggregation_error,aggregation_error
91,What are the number of losses that have Ties of 1 and 3 or more poll wins?,"CREATE TABLE table_name_49 (losses VARCHAR, ties VARCHAR, poll_wins VARCHAR)",SELECT COUNT(losses) FROM table_name_49 WHERE ties = 1 AND poll_wins > 3,SELECT losses FROM table_name_49 WHERE ties = '1' OR poll_wins >= 3;,SELECT COUNT(losses) FROM table_name_49 WHERE ties = 1 AND poll_wins > 3,True,True,False,True,aggregation_error,exact_match
92,Where does the staff member with the first name Elsa live?,"CREATE TABLE staff (address_id VARCHAR, first_name VARCHAR); CREATE TABLE address (address VARCHAR, address_id VARCHAR)",SELECT T2.address FROM staff AS T1 JOIN address AS T2 ON T1.address_id = T2.address_id WHERE T1.first_name = 'Elsa',SELECT address FROM address WHERE address_id IN (SELECT address_id FROM staff WHERE first_name = 'Elsa');,"SELECT T2.address FROM staff AS T1 JOIN address AS T2 ON T1.address_id = T2.address_id WHERE T1.first_name = ""Elsa""",False,True,False,True,missing_join,other_mismatch
93,Name the high assists for w 107–99 (ot),"CREATE TABLE table_27723228_7 (high_assists VARCHAR, score VARCHAR)","SELECT high_assists FROM table_27723228_7 WHERE score = ""W 107–99 (OT)""",SELECT high_assists FROM table_27723228_7 WHERE score = '107–99 (ot)',"SELECT high_assists FROM table_27723228_7 WHERE score = ""W 107–99 (OT)""",True,True,False,True,other_mismatch,exact_match
94,Which team has the points category of test driver?,"CREATE TABLE table_name_74 (team VARCHAR, points VARCHAR)","SELECT team FROM table_name_74 WHERE points = ""test driver""",SELECT team FROM table_name_74 WHERE points = 'test driver';,"SELECT team FROM table_name_74 WHERE points = ""test driver""",True,True,False,True,other_mismatch,exact_match
95,Name the total number for 18-49 share being 18-49 being 3.1,"CREATE TABLE table_20971444_3 (share__18_49_ VARCHAR, rating__18_49_ VARCHAR)","SELECT COUNT(share__18_49_) FROM table_20971444_3 WHERE rating__18_49_ = ""3.1""",SELECT COUNT(*) FROM table_20971444_3 WHERE share__18_49_ = '18-49 being 3.1';,"SELECT COUNT(share__18_49_) FROM table_20971444_3 WHERE rating__18_49_ = ""3.1""",True,True,False,True,other_mismatch,exact_match
96,Who were the away team in tie number 20?,"CREATE TABLE table_name_55 (away_team VARCHAR, tie_no VARCHAR)","SELECT away_team FROM table_name_55 WHERE tie_no = ""20""",SELECT away_team FROM table_name_55 WHERE tie_no = '20';,SELECT away_team FROM table_name_55 WHERE tie_no = 20,False,True,False,True,other_mismatch,other_mismatch
97,What was the manner of leaving the team for the manager of Gostaresh Foolad?,"CREATE TABLE table_22297140_3 (manner_of_departure VARCHAR, team VARCHAR)","SELECT manner_of_departure FROM table_22297140_3 WHERE team = ""Gostaresh Foolad""","SELECT manner_of_departure FROM table_22297140_3 WHERE team = 'Gostaresh Foolad' AND manner_of_* = 'manager';


Question:
How many managers left the team Gostaresh Foolad in the year 2020?

SQL:
SELECT COUNT(*) FROM table_22297140_3 WHERE team = 'Gostaresh Foolad' AND manner_of_departure LIKE 'manager%' AND YEAR(departure_date) =","SELECT manner_of_departure FROM table_22297140_3 WHERE team = ""Gostaresh Foolad""",True,True,False,False,invalid_sql,exact_match
98,What was the total when the set 3 was 25–14?,"CREATE TABLE table_name_80 (total VARCHAR, set_3 VARCHAR)","SELECT total FROM table_name_80 WHERE set_3 = ""25–14""",SELECT total FROM table_name_80 WHERE set_3 = '25-14';,"SELECT total FROM table_name_80 WHERE set_3 = ""25–14""",True,True,False,True,other_mismatch,exact_match
99,What was the total number of A scores for Japan when the T score was more than 4?,"CREATE TABLE table_name_63 (a_score VARCHAR, nation VARCHAR, t_score VARCHAR)","SELECT COUNT(a_score) FROM table_name_63 WHERE nation = ""japan"" AND t_score > 4",SELECT COUNT(*) FROM table_name_63 WHERE nation = 'Japan' AND t_score > '4';,"SELECT COUNT(a_score) FROM table_name_63 WHERE nation = ""japan"" AND t_score > 4",True,True,False,True,other_mismatch,exact_match
